﻿<Event ID="PlayingWithFire Event" Active="24 Dec 2008-26 Dec 2010"> 
   <Droplist> 
      <AllDrop Items="6403" Count="1,1" Chance="0.75%" />
   </Droplist> 
   <Droplist> 
      <AllDrop Items="6404" Count="1,1" Chance="0.5%" />
   </Droplist>
   <Droplist> 
      <AllDrop Items="6405" Count="1,1" Chance="0.25%" />
   </Droplist>
   <Message Type="OnJoin" Msg="Event Playing with Fire: Collect Elven Firecrackers, Gunpowder, Magnesium and exchanged for a fireworks Event manager!" /> 
   <EventEnd> 
      <Take From="AllPlayers"> 
           <Item ItemID="6403-6404-6405"></Item>
        </Take> 
     </EventEnd> 
</Event>
