REPLACE INTO spawnlist
   (`id`, `location`, `count`, `npc_templateid`, `locx`, `locy`, `locz`, `randomx`, `randomy`, `heading`, `respawn_delay`, `loc_id`, `periodOfDay`)
VALUES
   (88189, 'giran_blacksmith', 1, 35182, 116494, 145516, -2723, 0, 0, 58824, 60, 0, 0),
   (88186, 'giran_warehouse', 1, 35183, 115910, 145101, -2723, 0, 0, 1353, 60, 0, 0),

   (88191, 'aden_blacksmith', 1, 35272, 147908, 5595, -884, 0, 0, 48126, 60, 0, 0),
   (88192, 'aden_warehouse', 1, 35273, 147056, 5595, -884, 0, 0, 58383, 60, 0, 0),

   (88193, 'goddard_blacksmith', 1, 35361, 147037, -48781, -2639, 0, 0, 14839, 60, 0, 0),
   (88195, 'goddard_warehouse', 1, 35362, 147908, -48807, -2639, 0, 0, 20214, 60, 0, 0),

   (88196, 'oren_blacksmith', 1, 35225, 82043, 37132, -2450, 0, 0, 65001, 60, 0, 0),
   (88198, 'oren_warehouse', 1, 35224, 82464, 37592, -2450, 0, 0, 44984, 60, 0, 0),

   (88200, 'dion_blacksmith', 1, 35140, 21649, 160199, -2850, 0, 0, 61379, 60, 0, 0),
   (88199, 'dion_warehouse', 1, 35141, 22100, 159781, -2877, 0, 0, 6134, 60, 0, 0),
   
   (88202, 'gludio_blacksmith', 1, 35098, -17680, 109519, -2656, 0, 0, 29609, 60, 0, 0),
   (88201, 'gludio_warehouse', 1, 35099, -18113, 109956, -2683, 0, 0, 48351, 60, 0, 0),

   (88203, 'innadril_blacksmith', 1, 35314, 115649, 249072, -973, 0, 0, 868, 60, 0, 0),
   (88204, 'innadril_warehouse', 1, 35315, 116015, 248558, -946, 0, 0, 18052, 60, 0, 0),

   (88206, 'rune_blacksmith', 1, 35507, 12124, -49706, -1088, 0, 0, 13641, 60, 0, 0),
   (88205, 'rune_warehouse', 1, 35508, 12681, -48578, -1088, 0, 0, 39746, 60, 0, 0),

   (88208, 'schuttgart_blacksmith', 1, 35553, 77105, -152827, -907, 0, 0, 11176, 60, 0, 0),
   (88209, 'schuttgart_warehouse', 1, 35554, 77906, -152872, -934, 0, 0, 25468, 60, 0, 0);

DELETE FROM etcitem WHERE 1<>1
OR item_id=5016
OR item_id=5017
OR item_id=5018
OR item_id=5019
OR item_id=5020
OR item_id=5021
OR item_id=5022
OR item_id=5023
OR item_id=5024
OR item_id=5025
OR item_id=5026
OR item_id=5027
OR item_id=5028
OR item_id=5029
OR item_id=5030
OR item_id=5031
OR item_id=5032
OR item_id=5033
OR item_id=5034
OR item_id=5035
OR item_id=5036
OR item_id=5037
OR item_id=5038
OR item_id=5039
OR item_id=5040
OR item_id=5041
OR item_id=5042
OR item_id=5043
OR item_id=5044
OR item_id=5045
OR item_id=5046
OR item_id=5047
OR item_id=5048
OR item_id=5049
OR item_id=5050
OR item_id=5051
OR item_id=5052
OR item_id=5053
OR item_id=5054
OR item_id=5055
OR item_id=5056
OR item_id=5057
OR item_id=5058
OR item_id=5059
OR item_id=5060
OR item_id=5061
OR item_id=5221
OR item_id=5222
OR item_id=5223
OR item_id=5224
OR item_id=5225
OR item_id=5226
OR item_id=5227
OR item_id=5650
OR item_id=5651
OR item_id=5652
OR item_id=5653
OR item_id=5654
OR item_id=5655
OR item_id=5656
OR item_id=5657
OR item_id=5658
OR item_id=5659
OR item_id=5660
OR item_id=5661
OR item_id=5662
OR item_id=5663
OR item_id=5664
OR item_id=5665
OR item_id=5666
OR item_id=5667
OR item_id=5668
OR item_id=5669
OR item_id=5670
OR item_id=5671
OR item_id=5672
OR item_id=5673
OR item_id=5674
OR item_id=5675
OR item_id=5676
OR item_id=5677
OR item_id=5678
OR item_id=5679
OR item_id=5680
OR item_id=5681
OR item_id=5682
OR item_id=5683
OR item_id=5684
OR item_id=5685
OR item_id=5686
OR item_id=5687
OR item_id=5688
OR item_id=5689
OR item_id=5690
OR item_id=5691
OR item_id=5692
OR item_id=5693
OR item_id=5694
OR item_id=5695
OR item_id=5696
OR item_id=5697
OR item_id=5698
OR item_id=5699
OR item_id=5700
OR item_id=5701
OR item_id=5702
OR item_id=6727
OR item_id=6728
OR item_id=6729
OR item_id=6730
OR item_id=6731
OR item_id=6732
OR item_id=6733
OR item_id=6734
OR item_id=6735
OR item_id=6736
OR item_id=6737
OR item_id=6738
OR item_id=6739
OR item_id=6740
OR item_id=6741
OR item_id=6742
OR item_id=6743
OR item_id=6744
OR item_id=6745
OR item_id=6746
OR item_id=6747
OR item_id=6748
OR item_id=6749
OR item_id=6750
OR item_id=6751
OR item_id=6752
OR item_id=6753
OR item_id=6754
OR item_id=6755
OR item_id=6756
OR item_id=6757
OR item_id=6758
OR item_id=6759
OR item_id=6760
OR item_id=6761
OR item_id=6762
OR item_id=6763
OR item_id=6764
OR item_id=6765
OR item_id=6766
OR item_id=6767
OR item_id=6768
OR item_id=6769
OR item_id=6770
OR item_id=6771
OR item_id=6772
OR item_id=6773
OR item_id=6774
OR item_id=6775
OR item_id=6776
OR item_id=6777
OR item_id=6778
OR item_id=7016
OR item_id=7017
OR item_id=7018
OR item_id=7019
OR item_id=7020
OR item_id=7021
OR item_id=7022
OR item_id=7023
OR item_id=7024
OR item_id=7025
OR item_id=7026
OR item_id=7027
OR item_id=7028
OR item_id=7029
OR item_id=7030
OR item_id=7031
OR item_id=7032
OR item_id=7033
OR item_id=7034
OR item_id=7035
OR item_id=7036
OR item_id=7037
OR item_id=7038
OR item_id=7039
OR item_id=7040
OR item_id=7041
OR item_id=7042
OR item_id=7043
OR item_id=7044
OR item_id=7045
OR item_id=7046
OR item_id=7047
OR item_id=7048
OR item_id=7049
OR item_id=7050
OR item_id=7051
OR item_id=7052
OR item_id=7053
OR item_id=7054
OR item_id=7055
OR item_id=7056
OR item_id=7057
OR item_id=8223
OR item_id=8224
OR item_id=8225
OR item_id=8226
OR item_id=8227
OR item_id=8228
OR item_id=8229
OR item_id=8230
OR item_id=8231
OR item_id=8232
OR item_id=8233
OR item_id=8234
OR item_id=8235
OR item_id=8236
OR item_id=8237
OR item_id=8238
OR item_id=8239
OR item_id=8240
OR item_id=8241
OR item_id=8242
OR item_id=8243
OR item_id=8244
OR item_id=8245
OR item_id=8246
OR item_id=8247
OR item_id=8248
OR item_id=8249
OR item_id=8250
OR item_id=8251
OR item_id=8252
OR item_id=8253
OR item_id=8254
OR item_id=8255
OR item_id=8256
OR item_id=8257
OR item_id=8258
OR item_id=8259
OR item_id=8260
OR item_id=8261
OR item_id=8262
OR item_id=8263
OR item_id=8264
OR item_id=8265
OR item_id=8266
OR item_id=8267
OR item_id=8268
OR item_id=8269
OR item_id=8270
OR item_id=8271
OR item_id=8272
OR item_id=8521
OR item_id=8522
OR item_id=8523
OR item_id=8524
OR item_id=8525
OR item_id=8526
;
DELETE FROM etcitem WHERE 1<>1
OR item_id=5065
OR item_id=5067
OR item_id=5068
OR item_id=5069
OR item_id=5070
OR item_id=5071
OR item_id=5073
OR item_id=5075
OR item_id=5077
OR item_id=5078
OR item_id=5079
OR item_id=5082
OR item_id=5084
OR item_id=5085
OR item_id=5087
OR item_id=5088
OR item_id=5090
OR item_id=5091
OR item_id=5092
OR item_id=5094
OR item_id=5818
OR item_id=5819
OR item_id=5820
OR item_id=5821
OR item_id=5822
OR item_id=5823
OR item_id=5824
OR item_id=5825
OR item_id=5826
OR item_id=5827
OR item_id=5828
OR item_id=5829
OR item_id=5830
OR item_id=5831
OR item_id=5832
OR item_id=5833
OR item_id=5834
OR item_id=5835
OR item_id=5836
OR item_id=5837
OR item_id=6541
OR item_id=6542
OR item_id=6543
OR item_id=6544
OR item_id=6545
OR item_id=6546
OR item_id=6547
OR item_id=6548
OR item_id=6549
OR item_id=6550
OR item_id=6551
OR item_id=6552
OR item_id=6553
OR item_id=6554
;
DELETE FROM etcitem WHERE 1<>1
OR item_id=5095
OR item_id=5097
OR item_id=5098
OR item_id=5099
OR item_id=5100
OR item_id=5101
OR item_id=5103
OR item_id=5105
OR item_id=5107
OR item_id=5108
OR item_id=5109
OR item_id=5112
OR item_id=5114
OR item_id=5115
OR item_id=5117
OR item_id=5118
OR item_id=5120
OR item_id=5121
OR item_id=5122
OR item_id=5124
OR item_id=5838
OR item_id=5839
OR item_id=5840
OR item_id=5841
OR item_id=5842
OR item_id=5843
OR item_id=5844
OR item_id=5845
OR item_id=5846
OR item_id=5847
OR item_id=5848
OR item_id=5849
OR item_id=5850
OR item_id=5851
OR item_id=5852
OR item_id=5853
OR item_id=5854
OR item_id=5855
OR item_id=5856
OR item_id=5857
OR item_id=6555
OR item_id=6556
OR item_id=6557
OR item_id=6558
OR item_id=6559
OR item_id=6560
OR item_id=6561
OR item_id=6562
OR item_id=6563
OR item_id=6564
OR item_id=6565
OR item_id=6566
OR item_id=6567
OR item_id=6568
;
INSERT INTO etcitem(item_id,name,crystallizable,item_type,weight,consume_type,material,crystal_type,duration,price,crystal_count,sellable,dropable,destroyable,tradeable,oldname,oldtype) VALUES
(5016,'Seed: Dark Coda','false','seed',1,'stackable','paper','none',-1,5,0,'true','true','true','true','C5Item','none'),
(5017,'Seed: Red Coda','false','seed',1,'stackable','paper','none',-1,5,0,'true','true','true','true','C5Item','none'),
(5018,'Seed: Chilly Coda','false','seed',1,'stackable','paper','none',-1,5,0,'true','true','true','true','C5Item','none'),
(5019,'Seed: Blue Coda','false','seed',1,'stackable','paper','none',-1,10,0,'true','true','true','true','C5Item','none'),
(5020,'Seed: Golden Coda','false','seed',1,'stackable','paper','none',-1,20,0,'true','true','true','true','C5Item','none'),
(5021,'Seed: Lute Coda','false','seed',1,'stackable','paper','none',-1,30,0,'true','true','true','true','C5Item','none'),
(5022,'Seed: Desert Coda','false','seed',1,'stackable','paper','none',-1,20,0,'true','true','true','true','C5Item','none'),
(5023,'Seed: Blue Cobol','false','seed',1,'stackable','paper','none',-1,50,0,'true','true','true','true','C5Item','none'),
(5024,'Seed: Blue Coda','false','seed',1,'stackable','paper','none',-1,10,0,'true','true','true','true','C5Item','none'),
(5025,'Seed: Golden Coda','false','seed',1,'stackable','paper','none',-1,20,0,'true','true','true','true','C5Item','none'),
(5026,'Seed: Lute Coda','false','seed',1,'stackable','paper','none',-1,30,0,'true','true','true','true','C5Item','none'),
(5027,'Seed: Desert Coda','false','seed',1,'stackable','paper','none',-1,20,0,'true','true','true','true','C5Item','none'),
(5028,'Seed: Red Cobol','false','seed',1,'stackable','paper','none',-1,20,0,'true','true','true','true','C5Item','none'),
(5029,'Seed: Chilly Cobol','false','seed',1,'stackable','paper','none',-1,25,0,'true','true','true','true','C5Item','none'),
(5030,'Seed: Thorn Cobol','false','seed',1,'stackable','paper','none',-1,50,0,'true','true','true','true','C5Item','none'),
(5031,'Seed: Golden Cobol','false','seed',1,'stackable','paper','none',-1,50,0,'true','true','true','true','C5Item','none'),
(5032,'Seed: Great Cobol','false','seed',1,'stackable','paper','none',-1,50,0,'true','true','true','true','C5Item','none'),
(5033,'Seed: Red Cobol','false','seed',1,'stackable','paper','none',-1,20,0,'true','true','true','true','C5Item','none'),
(5034,'Seed: Chilly Cobol','false','seed',1,'stackable','paper','none',-1,25,0,'true','true','true','true','C5Item','none'),
(5035,'Seed: Blue Cobol','false','seed',1,'stackable','paper','none',-1,50,0,'true','true','true','true','C5Item','none'),
(5036,'Seed: Thorn Cobol','false','seed',1,'stackable','paper','none',-1,50,0,'true','true','true','true','C5Item','none'),
(5037,'Seed: Golden Cobol','false','seed',1,'stackable','paper','none',-1,50,0,'true','true','true','true','C5Item','none'),
(5038,'Seed: Great Cobol','false','seed',1,'stackable','paper','none',-1,50,0,'true','true','true','true','C5Item','none'),
(5039,'Seed: Red Codran','false','seed',1,'stackable','paper','none',-1,40,0,'true','true','true','true','C5Item','none'),
(5040,'Seed: Twin Codran','false','seed',1,'stackable','paper','none',-1,50,0,'true','true','true','true','C5Item','none'),
(5041,'Seed: Desert Codran','false','seed',1,'stackable','paper','none',-1,100,0,'true','true','true','true','C5Item','none'),
(5042,'Seed: Dark Coda','false','seed',1,'stackable','paper','none',-1,5,0,'true','true','true','true','C5Item','none'),
(5043,'Seed: Red Coda','false','seed',1,'stackable','paper','none',-1,5,0,'true','true','true','true','C5Item','none'),
(5044,'Seed: Blue Coda','false','seed',1,'stackable','paper','none',-1,10,0,'true','true','true','true','C5Item','none'),
(5045,'Seed: Red Cobol','false','seed',1,'stackable','paper','none',-1,20,0,'true','true','true','true','C5Item','none'),
(5046,'Seed: Chilly Cobol','false','seed',1,'stackable','paper','none',-1,25,0,'true','true','true','true','C5Item','none'),
(5047,'Seed: Blue Cobol','false','seed',1,'stackable','paper','none',-1,50,0,'true','true','true','true','C5Item','none'),
(5048,'Seed: Thorn Cobol','false','seed',1,'stackable','paper','none',-1,50,0,'true','true','true','true','C5Item','none'),
(5049,'Seed: Sea Codran','false','seed',1,'stackable','paper','none',-1,50,0,'true','true','true','true','C5Item','none'),
(5050,'Seed: Chilly Codran','false','seed',1,'stackable','paper','none',-1,40,0,'true','true','true','true','C5Item','none'),
(5051,'Seed: Blue Codran','false','seed',1,'stackable','paper','none',-1,50,0,'true','true','true','true','C5Item','none'),
(5052,'Seed: Twin Codran','false','seed',1,'stackable','paper','none',-1,50,0,'true','true','true','true','C5Item','none'),
(5053,'Seed: Thorn Cobol','false','seed',1,'stackable','paper','none',-1,50,0,'true','true','true','true','C5Item','none'),
(5054,'Seed: Golden Cobol','false','seed',1,'stackable','paper','none',-1,50,0,'true','true','true','true','C5Item','none'),
(5055,'Seed: Great Cobol','false','seed',1,'stackable','paper','none',-1,50,0,'true','true','true','true','C5Item','none'),
(5056,'Seed: Red Codran','false','seed',1,'stackable','paper','none',-1,40,0,'true','true','true','true','C5Item','none'),
(5057,'Seed: Chilly Codran','false','seed',1,'stackable','paper','none',-1,40,0,'true','true','true','true','C5Item','none'),
(5058,'Seed: Blue Codran','false','seed',1,'stackable','paper','none',-1,50,0,'true','true','true','true','C5Item','none'),
(5059,'Seed: Twin Codran','false','seed',1,'stackable','paper','none',-1,50,0,'true','true','true','true','C5Item','none'),
(5060,'Seed: Great Codran','false','seed',1,'stackable','paper','none',-1,75,0,'true','true','true','true','C5Item','none'),
(5061,'Seed: Desert Codran','false','seed',1,'stackable','paper','none',-1,100,0,'true','true','true','true','C5Item','none'),
(5221,'Seed: Chilly Cobol','false','seed',1,'stackable','paper','none',-1,25,0,'true','true','true','true','C5Item','none'),
(5222,'Seed: Blue Cobol','false','seed',1,'stackable','paper','none',-1,50,0,'true','true','true','true','C5Item','none'),
(5223,'Seed: Thorn Cobol','false','seed',1,'stackable','paper','none',-1,50,0,'true','true','true','true','C5Item','none'),
(5224,'Seed: Golden Cobol','false','seed',1,'stackable','paper','none',-1,50,0,'true','true','true','true','C5Item','none'),
(5225,'Seed: Great Cobol','false','seed',1,'stackable','paper','none',-1,50,0,'true','true','true','true','C5Item','none'),
(5226,'Seed: Red Codran','false','seed',1,'stackable','paper','none',-1,40,0,'true','true','true','true','C5Item','none'),
(5227,'Seed: Sea Codran','false','seed',1,'stackable','paper','none',-1,50,0,'true','true','true','true','C5Item','none'),
(5650,'Alternative Dark Coda Seed','false','seed',1,'stackable','paper','none',-1,5,0,'true','true','true','true','C5Item','none'),
(5651,'Alternative Red Coda Seed','false','seed',1,'stackable','paper','none',-1,5,0,'true','true','true','true','C5Item','none'),
(5652,'Alternative Chilly Coda Seed','false','seed',1,'stackable','paper','none',-1,5,0,'true','true','true','true','C5Item','none'),
(5653,'Alternative Blue Coda Seed','false','seed',1,'stackable','paper','none',-1,10,0,'true','true','true','true','C5Item','none'),
(5654,'Alternative Golden Coda Seed','false','seed',1,'stackable','paper','none',-1,20,0,'true','true','true','true','C5Item','none'),
(5655,'Alternative Lute Coda Seed','false','seed',1,'stackable','paper','none',-1,30,0,'true','true','true','true','C5Item','none'),
(5656,'Alternative Desert Coda Seed','false','seed',1,'stackable','paper','none',-1,20,0,'true','true','true','true','C5Item','none'),
(5657,'Alternative Blue Cobol Seed','false','seed',1,'stackable','paper','none',-1,50,0,'true','true','true','true','C5Item','none'),
(5658,'Alternative Blue Coda Seed','false','seed',1,'stackable','paper','none',-1,10,0,'true','true','true','true','C5Item','none'),
(5659,'Alternative Golden Coda Seed','false','seed',1,'stackable','paper','none',-1,20,0,'true','true','true','true','C5Item','none'),
(5660,'Alternative Lute Coda Seed','false','seed',1,'stackable','paper','none',-1,30,0,'true','true','true','true','C5Item','none'),
(5661,'Alternative Desert Coda Seed','false','seed',1,'stackable','paper','none',-1,20,0,'true','true','true','true','C5Item','none'),
(5662,'Alternative Red Cobol Seed','false','seed',1,'stackable','paper','none',-1,20,0,'true','true','true','true','C5Item','none'),
(5663,'Alternative Chilly Cobol Seed','false','seed',1,'stackable','paper','none',-1,25,0,'true','true','true','true','C5Item','none'),
(5664,'Alternative Thorn Cobol Seed','false','seed',1,'stackable','paper','none',-1,50,0,'true','true','true','true','C5Item','none'),
(5665,'Alternative Golden Cobol Seed','false','seed',1,'stackable','paper','none',-1,50,0,'true','true','true','true','C5Item','none'),
(5666,'Alternative Great Cobol Seed','false','seed',1,'stackable','paper','none',-1,40,0,'true','true','true','true','C5Item','none'),
(5667,'Alternative Red Cobol Seed','false','seed',1,'stackable','paper','none',-1,20,0,'true','true','true','true','C5Item','none'),
(5668,'Alternative Chilly Cobol Seed','false','seed',1,'stackable','paper','none',-1,25,0,'true','true','true','true','C5Item','none'),
(5669,'Alternative Blue Cobol Seed','false','seed',1,'stackable','paper','none',-1,50,0,'true','true','true','true','C5Item','none'),
(5670,'Alternative Thorn Cobol Seed','false','seed',1,'stackable','paper','none',-1,50,0,'true','true','true','true','C5Item','none'),
(5671,'Alternative Golden Cobol Seed','false','seed',1,'stackable','paper','none',-1,50,0,'true','true','true','true','C5Item','none'),
(5672,'Alternative Great Cobol Seed','false','seed',1,'stackable','paper','none',-1,40,0,'true','true','true','true','C5Item','none'),
(5673,'Alternative Red Codran Seed','false','seed',1,'stackable','paper','none',-1,40,0,'true','true','true','true','C5Item','none'),
(5674,'Alternative Twin Codran Seed','false','seed',1,'stackable','paper','none',-1,50,0,'true','true','true','true','C5Item','none'),
(5675,'Alternative Desert Codran Seed','false','seed',1,'stackable','paper','none',-1,100,0,'true','true','true','true','C5Item','none'),
(5676,'Alternative Dark Coda Seed','false','seed',1,'stackable','paper','none',-1,5,0,'true','true','true','true','C5Item','none'),
(5677,'Alternative Red Coda Seed','false','seed',1,'stackable','paper','none',-1,5,0,'true','true','true','true','C5Item','none'),
(5678,'Alternative Blue Coda Seed','false','seed',1,'stackable','paper','none',-1,10,0,'true','true','true','true','C5Item','none'),
(5679,'Alternative Red Cobol Seed','false','seed',1,'stackable','paper','none',-1,20,0,'true','true','true','true','C5Item','none'),
(5680,'Alternative Chilly Cobol Seed','false','seed',1,'stackable','paper','none',-1,25,0,'true','true','true','true','C5Item','none'),
(5681,'Alternative Blue Cobol Seed','false','seed',1,'stackable','paper','none',-1,50,0,'true','true','true','true','C5Item','none'),
(5682,'Alternative Thorn Cobol Seed','false','seed',1,'stackable','paper','none',-1,50,0,'true','true','true','true','C5Item','none'),
(5683,'Alternative Sea Codran Seed','false','seed',1,'stackable','paper','none',-1,50,0,'true','true','true','true','C5Item','none'),
(5684,'Alternative Chilly Codran Seed','false','seed',1,'stackable','paper','none',-1,40,0,'true','true','true','true','C5Item','none'),
(5685,'Alternative Blue Codran Seed','false','seed',1,'stackable','paper','none',-1,50,0,'true','true','true','true','C5Item','none'),
(5686,'Alternative Twin Codran Seed','false','seed',1,'stackable','paper','none',-1,50,0,'true','true','true','true','C5Item','none'),
(5687,'Alternative Thorn Cobol Seed','false','seed',1,'stackable','paper','none',-1,50,0,'true','true','true','true','C5Item','none'),
(5688,'Alternative Golden Cobol Seed','false','seed',1,'stackable','paper','none',-1,50,0,'true','true','true','true','C5Item','none'),
(5689,'Alternative Great Cobol Seed','false','seed',1,'stackable','paper','none',-1,40,0,'true','true','true','true','C5Item','none'),
(5690,'Alternative Red Codran Seed','false','seed',1,'stackable','paper','none',-1,40,0,'true','true','true','true','C5Item','none'),
(5691,'Alternative Chilly Codran Seed','false','seed',1,'stackable','paper','none',-1,40,0,'true','true','true','true','C5Item','none'),
(5692,'Alternative Blue Codran Seed','false','seed',1,'stackable','paper','none',-1,50,0,'true','true','true','true','C5Item','none'),
(5693,'Alternative Twin Codran Seed','false','seed',1,'stackable','paper','none',-1,50,0,'true','true','true','true','C5Item','none'),
(5694,'Alternative Great Codran Seed','false','seed',1,'stackable','paper','none',-1,75,0,'true','true','true','true','C5Item','none'),
(5695,'Alternative Desert Codran Seed','false','seed',1,'stackable','paper','none',-1,100,0,'true','true','true','true','C5Item','none'),
(5696,'Alternative Chilly Cobol Seed','false','seed',1,'stackable','paper','none',-1,25,0,'true','true','true','true','C5Item','none'),
(5697,'Alternative Blue Cobol Seed','false','seed',1,'stackable','paper','none',-1,50,0,'true','true','true','true','C5Item','none'),
(5698,'Alternative Thorn Cobol Seed','false','seed',1,'stackable','paper','none',-1,50,0,'true','true','true','true','C5Item','none'),
(5699,'Alternative Golden Cobol Seed','false','seed',1,'stackable','paper','none',-1,50,0,'true','true','true','true','C5Item','none'),
(5700,'Alternative Great Cobol Seed','false','seed',1,'stackable','paper','none',-1,40,0,'true','true','true','true','C5Item','none'),
(5701,'Alternative Red Codran Seed','false','seed',1,'stackable','paper','none',-1,40,0,'true','true','true','true','C5Item','none'),
(5702,'Alternative Sea Codran Seed','false','seed',1,'stackable','paper','none',-1,50,0,'true','true','true','true','C5Item','none'),
(6727,'Seed: Alternative Great Coba','false','seed',1,'stackable','paper','none',-1,1200,0,'true','true','true','true','C5Item','none'),
(6728,'Seed: Alternative Sea Coba','false','seed',1,'stackable','paper','none',-1,900,0,'true','true','true','true','C5Item','none'),
(6729,'Seed: Alternative Sea Coba','false','seed',1,'stackable','paper','none',-1,900,0,'true','true','true','true','C5Item','none'),
(6730,'Seed: Alternative Sea Coba','false','seed',1,'stackable','paper','none',-1,900,0,'true','true','true','true','C5Item','none'),
(6731,'Seed: Alternative Red Coba','false','seed',1,'stackable','paper','none',-1,500,0,'true','true','true','true','C5Item','none'),
(6732,'Seed: Alternative Red Coba','false','seed',1,'stackable','paper','none',-1,500,0,'true','true','true','true','C5Item','none'),
(6733,'Seed: Alternative Red Coba','false','seed',1,'stackable','paper','none',-1,500,0,'true','true','true','true','C5Item','none'),
(6734,'Seed: Alternative Red Coba','false','seed',1,'stackable','paper','none',-1,500,0,'true','true','true','true','C5Item','none'),
(6735,'Seed: Alternative Red Coba','false','seed',1,'stackable','paper','none',-1,500,0,'true','true','true','true','C5Item','none'),
(6736,'Seed: Alternative Desert Coba','false','seed',1,'stackable','paper','none',-1,750,0,'true','true','true','true','C5Item','none'),
(6737,'Seed: Alternative Desert Coba','false','seed',1,'stackable','paper','none',-1,750,0,'true','true','true','true','C5Item','none'),
(6738,'Seed: Alternative Desert Coba','false','seed',1,'stackable','paper','none',-1,750,0,'true','true','true','true','C5Item','none'),
(6739,'Seed: Alternative Desert Coba','false','seed',1,'stackable','paper','none',-1,750,0,'true','true','true','true','C5Item','none'),
(6740,'Seed: Alternative Desert Coba','false','seed',1,'stackable','paper','none',-1,750,0,'true','true','true','true','C5Item','none'),
(6741,'Seed: Alternative Twin Coba','false','seed',1,'stackable','paper','none',-1,1000,0,'true','true','true','true','C5Item','none'),
(6742,'Seed: Alternative Blue Coba','false','seed',1,'stackable','paper','none',-1,400,0,'true','true','true','true','C5Item','none'),
(6743,'Seed: Alternative Blue Coba','false','seed',1,'stackable','paper','none',-1,400,0,'true','true','true','true','C5Item','none'),
(6744,'Seed: Alternative Blue Coba','false','seed',1,'stackable','paper','none',-1,400,0,'true','true','true','true','C5Item','none'),
(6745,'Seed: Alternative Blue Coba','false','seed',1,'stackable','paper','none',-1,400,0,'true','true','true','true','C5Item','none'),
(6746,'Seed: Alternative Blue Coba','false','seed',1,'stackable','paper','none',-1,400,0,'true','true','true','true','C5Item','none'),
(6747,'Seed: Alternative Golden Coba','false','seed',1,'stackable','paper','none',-1,650,0,'true','true','true','true','C5Item','none'),
(6748,'Seed: Alternative Golden Coba','false','seed',1,'stackable','paper','none',-1,650,0,'true','true','true','true','C5Item','none'),
(6749,'Seed: Alternative Golden Coba','false','seed',1,'stackable','paper','none',-1,650,0,'true','true','true','true','C5Item','none'),
(6750,'Seed: Alternative Golden Coba','false','seed',1,'stackable','paper','none',-1,650,0,'true','true','true','true','C5Item','none'),
(6751,'Seed: Alternative Golden Coba','false','seed',1,'stackable','paper','none',-1,650,0,'true','true','true','true','C5Item','none'),
(6752,'Seed: Alternative Golden Coba','false','seed',1,'stackable','paper','none',-1,650,0,'true','true','true','true','C5Item','none'),
(6753,'Seed: Great Coba','false','seed',1,'stackable','paper','none',-1,1200,0,'true','true','true','true','C5Item','none'),
(6754,'Seed: Sea Coba','false','seed',1,'stackable','paper','none',-1,900,0,'true','true','true','true','C5Item','none'),
(6755,'Seed: Sea Coba','false','seed',1,'stackable','paper','none',-1,900,0,'true','true','true','true','C5Item','none'),
(6756,'Seed: Sea Coba','false','seed',1,'stackable','paper','none',-1,900,0,'true','true','true','true','C5Item','none'),
(6757,'Seed: Red Coba','false','seed',1,'stackable','paper','none',-1,500,0,'true','true','true','true','C5Item','none'),
(6758,'Seed: Red Coba','false','seed',1,'stackable','paper','none',-1,500,0,'true','true','true','true','C5Item','none'),
(6759,'Seed: Red Coba','false','seed',1,'stackable','paper','none',-1,500,0,'true','true','true','true','C5Item','none'),
(6760,'Seed: Red Coba','false','seed',1,'stackable','paper','none',-1,500,0,'true','true','true','true','C5Item','none'),
(6761,'Seed: Red Coba','false','seed',1,'stackable','paper','none',-1,500,0,'true','true','true','true','C5Item','none'),
(6762,'Seed: Desert Coba','false','seed',1,'stackable','paper','none',-1,750,0,'true','true','true','true','C5Item','none'),
(6763,'Seed: Desert Coba','false','seed',1,'stackable','paper','none',-1,750,0,'true','true','true','true','C5Item','none'),
(6764,'Seed: Desert Coba','false','seed',1,'stackable','paper','none',-1,750,0,'true','true','true','true','C5Item','none'),
(6765,'Seed: Desert Coba','false','seed',1,'stackable','paper','none',-1,750,0,'true','true','true','true','C5Item','none'),
(6766,'Seed: Desert Coba','false','seed',1,'stackable','paper','none',-1,750,0,'true','true','true','true','C5Item','none'),
(6767,'Seed: Twin Coba','false','seed',1,'stackable','paper','none',-1,1000,0,'true','true','true','true','C5Item','none'),
(6768,'Seed: Blue Coba','false','seed',1,'stackable','paper','none',-1,400,0,'true','true','true','true','C5Item','none'),
(6769,'Seed: Blue Coba','false','seed',1,'stackable','paper','none',-1,400,0,'true','true','true','true','C5Item','none'),
(6770,'Seed: Blue Coba','false','seed',1,'stackable','paper','none',-1,400,0,'true','true','true','true','C5Item','none'),
(6771,'Seed: Blue Coba','false','seed',1,'stackable','paper','none',-1,400,0,'true','true','true','true','C5Item','none'),
(6772,'Seed: Blue Coba','false','seed',1,'stackable','paper','none',-1,400,0,'true','true','true','true','C5Item','none'),
(6773,'Seed: Golden Coba','false','seed',1,'stackable','paper','none',-1,650,0,'true','true','true','true','C5Item','none'),
(6774,'Seed: Golden Coba','false','seed',1,'stackable','paper','none',-1,650,0,'true','true','true','true','C5Item','none'),
(6775,'Seed: Golden Coba','false','seed',1,'stackable','paper','none',-1,650,0,'true','true','true','true','C5Item','none'),
(6776,'Seed: Golden Coba','false','seed',1,'stackable','paper','none',-1,650,0,'true','true','true','true','C5Item','none'),
(6777,'Seed: Golden Coba','false','seed',1,'stackable','paper','none',-1,650,0,'true','true','true','true','C5Item','none'),
(6778,'Seed: Golden Coba','false','seed',1,'stackable','paper','none',-1,650,0,'true','true','true','true','C5Item','none'),
(7016,'Seed: Blue Cobol','false','seed',1,'stackable','paper','none',-1,50,0,'true','true','true','true','C5Item','none'),
(7017,'Seed: Blue Codran','false','seed',1,'stackable','paper','none',-1,50,0,'true','true','true','true','C5Item','none'),
(7018,'Seed: Blue Codran','false','seed',1,'stackable','paper','none',-1,50,0,'true','true','true','true','C5Item','none'),
(7019,'Seed: Chilly Cobol','false','seed',1,'stackable','paper','none',-1,25,0,'true','true','true','true','C5Item','none'),
(7020,'Seed: Chilly Coda','false','seed',1,'stackable','paper','none',-1,5,0,'true','true','true','true','C5Item','none'),
(7021,'Seed: Chilly Codran','false','seed',1,'stackable','paper','none',-1,40,0,'true','true','true','true','C5Item','none'),
(7022,'Seed: Chilly Codran','false','seed',1,'stackable','paper','none',-1,40,0,'true','true','true','true','C5Item','none'),
(7023,'Seed: Desert Codran','false','seed',1,'stackable','paper','none',-1,100,0,'true','true','true','true','C5Item','none'),
(7024,'Seed: Desert Codran','false','seed',1,'stackable','paper','none',-1,100,0,'true','true','true','true','C5Item','none'),
(7025,'Seed: Golden Cobol','false','seed',1,'stackable','paper','none',-1,50,0,'true','true','true','true','C5Item','none'),
(7026,'Seed: Golden Coda','false','seed',1,'stackable','paper','none',-1,20,0,'true','true','true','true','C5Item','none'),
(7027,'Seed: Great Cobol','false','seed',1,'stackable','paper','none',-1,50,0,'true','true','true','true','C5Item','none'),
(7028,'Seed: Great Codran','false','seed',1,'stackable','paper','none',-1,75,0,'true','true','true','true','C5Item','none'),
(7029,'Seed: Great Codran','false','seed',1,'stackable','paper','none',-1,75,0,'true','true','true','true','C5Item','none'),
(7030,'Seed: Alternative Blue Cobol','false','seed',1,'stackable','paper','none',-1,50,0,'true','true','true','true','C5Item','none'),
(7031,'Seed: Alternative Blue Codran','false','seed',1,'stackable','paper','none',-1,50,0,'true','true','true','true','C5Item','none'),
(7032,'Seed: Alternative Blue Codran','false','seed',1,'stackable','paper','none',-1,50,0,'true','true','true','true','C5Item','none'),
(7033,'Seed: Alternative Chilly Cobol','false','seed',1,'stackable','paper','none',-1,25,0,'true','true','true','true','C5Item','none'),
(7034,'Seed: Alternative Chilly Coda','false','seed',1,'stackable','paper','none',-1,5,0,'true','true','true','true','C5Item','none'),
(7035,'Seed: Alternative Chilly Codran','false','seed',1,'stackable','paper','none',-1,40,0,'true','true','true','true','C5Item','none'),
(7036,'Seed: Alternative Chilly Codran','false','seed',1,'stackable','paper','none',-1,40,0,'true','true','true','true','C5Item','none'),
(7037,'Seed: Alternative Desert Codran','false','seed',1,'stackable','paper','none',-1,100,0,'true','true','true','true','C5Item','none'),
(7038,'Seed: Alternative Desert Codran','false','seed',1,'stackable','paper','none',-1,100,0,'true','true','true','true','C5Item','none'),
(7039,'Seed: Alternative Golden Cobol','false','seed',1,'stackable','paper','none',-1,50,0,'true','true','true','true','C5Item','none'),
(7040,'Seed: Alternative Golden Coda','false','seed',1,'stackable','paper','none',-1,20,0,'true','true','true','true','C5Item','none'),
(7041,'Seed: Alternative Great Cobol','false','seed',1,'stackable','paper','none',-1,40,0,'true','true','true','true','C5Item','none'),
(7042,'Seed: Alternative Great Codran','false','seed',1,'stackable','paper','none',-1,75,0,'true','true','true','true','C5Item','none'),
(7043,'Seed: Alternative Great Codran','false','seed',1,'stackable','paper','none',-1,75,0,'true','true','true','true','C5Item','none'),
(7044,'Seed: Alternative Red Cobol','false','seed',1,'stackable','paper','none',-1,20,0,'true','true','true','true','C5Item','none'),
(7045,'Seed: Alternative Red Codran','false','seed',1,'stackable','paper','none',-1,40,0,'true','true','true','true','C5Item','none'),
(7046,'Seed: Alternative Red Codran','false','seed',1,'stackable','paper','none',-1,40,0,'true','true','true','true','C5Item','none'),
(7047,'Seed: Alternative Sea Codran','false','seed',1,'stackable','paper','none',-1,50,0,'true','true','true','true','C5Item','none'),
(7048,'Seed: Alternative Sea Codran','false','seed',1,'stackable','paper','none',-1,50,0,'true','true','true','true','C5Item','none'),
(7049,'Seed: Alternative Sea Codran','false','seed',1,'stackable','paper','none',-1,50,0,'true','true','true','true','C5Item','none'),
(7050,'Seed: Alternative Twin Codran','false','seed',1,'stackable','paper','none',-1,50,0,'true','true','true','true','C5Item','none'),
(7051,'Seed: Red Cobol','false','seed',1,'stackable','paper','none',-1,20,0,'true','true','true','true','C5Item','none'),
(7052,'Seed: Red Codran','false','seed',1,'stackable','paper','none',-1,40,0,'true','true','true','true','C5Item','none'),
(7053,'Seed: Red Codran','false','seed',1,'stackable','paper','none',-1,40,0,'true','true','true','true','C5Item','none'),
(7054,'Seed: Sea Codran','false','seed',1,'stackable','paper','none',-1,50,0,'true','true','true','true','C5Item','none'),
(7055,'Seed: Sea Codran','false','seed',1,'stackable','paper','none',-1,50,0,'true','true','true','true','C5Item','none'),
(7056,'Seed: Sea Codran','false','seed',1,'stackable','paper','none',-1,50,0,'true','true','true','true','C5Item','none'),
(7057,'Seed: Twin Codran','false','seed',1,'stackable','paper','none',-1,50,0,'true','true','true','true','C5Item','none'),
(8223,'Seed: Twin Codran','false','seed',1,'stackable','paper','none',-1,50,0,'true','true','true','true','C5Item','none'),
(8224,'Seed: Great Codran','false','seed',1,'stackable','paper','none',-1,75,0,'true','true','true','true','C5Item','none'),
(8225,'Seed: Desert Codran','false','seed',1,'stackable','paper','none',-1,100,0,'true','true','true','true','C5Item','none'),
(8226,'Seed: Blue Coba','false','seed',1,'stackable','paper','none',-1,400,0,'true','true','true','true','C5Item','none'),
(8227,'Seed: Red Coba','false','seed',1,'stackable','paper','none',-1,500,0,'true','true','true','true','C5Item','none'),
(8228,'Seed: Golden Coba','false','seed',1,'stackable','paper','none',-1,650,0,'true','true','true','true','C5Item','none'),
(8229,'Seed: Desert Coba','false','seed',1,'stackable','paper','none',-1,750,0,'true','true','true','true','C5Item','none'),
(8230,'Seed: Alternative Twin Codran','false','seed',1,'stackable','paper','none',-1,50,0,'true','true','true','true','C5Item','none'),
(8231,'Seed: Alternative Great Codran','false','seed',1,'stackable','paper','none',-1,75,0,'true','true','true','true','C5Item','none'),
(8232,'Seed: Alternative Desert Codran','false','seed',1,'stackable','paper','none',-1,100,0,'true','true','true','true','C5Item','none'),
(8233,'Seed: Alternative Blue Coba','false','seed',1,'stackable','paper','none',-1,400,0,'true','true','true','true','C5Item','none'),
(8234,'Seed: Alternative Red Coba','false','seed',1,'stackable','paper','none',-1,500,0,'true','true','true','true','C5Item','none'),
(8235,'Seed: Alternative Golden Coba','false','seed',1,'stackable','paper','none',-1,650,0,'true','true','true','true','C5Item','none'),
(8236,'Seed: Alternative Desert Coba','false','seed',1,'stackable','paper','none',-1,750,0,'true','true','true','true','C5Item','none'),
(8237,'Seed: Dark Coda','false','seed',1,'stackable','paper','none',-1,5,0,'true','true','true','true','C5Item','none'),
(8238,'Seed: Red Coda','false','seed',1,'stackable','paper','none',-1,5,0,'true','true','true','true','C5Item','none'),
(8239,'Seed: Chilly Coda','false','seed',1,'stackable','paper','none',-1,5,0,'true','true','true','true','C5Item','none'),
(8240,'Seed: Blue Coda','false','seed',1,'stackable','paper','none',-1,10,0,'true','true','true','true','C5Item','none'),
(8241,'Seed: Golden Coda','false','seed',1,'stackable','paper','none',-1,20,0,'true','true','true','true','C5Item','none'),
(8242,'Seed: Lute Coda','false','seed',1,'stackable','paper','none',-1,30,0,'true','true','true','true','C5Item','none'),
(8243,'Seed: Desert Coda','false','seed',1,'stackable','paper','none',-1,20,0,'true','true','true','true','C5Item','none'),
(8244,'Seed: Red Cobol','false','seed',1,'stackable','paper','none',-1,20,0,'true','true','true','true','C5Item','none'),
(8245,'Seed: Chilly Cobol','false','seed',1,'stackable','paper','none',-1,25,0,'true','true','true','true','C5Item','none'),
(8246,'Seed: Blue Cobol','false','seed',1,'stackable','paper','none',-1,50,0,'true','true','true','true','C5Item','none'),
(8247,'Seed: Thorn Cobol','false','seed',1,'stackable','paper','none',-1,50,0,'true','true','true','true','C5Item','none'),
(8248,'Seed: Golden Cobol','false','seed',1,'stackable','paper','none',-1,50,0,'true','true','true','true','C5Item','none'),
(8249,'Seed: Great Cobol','false','seed',1,'stackable','paper','none',-1,50,0,'true','true','true','true','C5Item','none'),
(8250,'Seed: Red Codran','false','seed',1,'stackable','paper','none',-1,40,0,'true','true','true','true','C5Item','none'),
(8251,'Seed: Sea Codran','false','seed',1,'stackable','paper','none',-1,50,0,'true','true','true','true','C5Item','none'),
(8252,'Seed: Chilly Codran','false','seed',1,'stackable','paper','none',-1,40,0,'true','true','true','true','C5Item','none'),
(8253,'Seed: Blue Codran','false','seed',1,'stackable','paper','none',-1,50,0,'true','true','true','true','C5Item','none'),
(8254,'Seed: Twin Codran','false','seed',1,'stackable','paper','none',-1,50,0,'true','true','true','true','C5Item','none'),
(8255,'Alternative Dark Coda Seed','false','seed',1,'stackable','paper','none',-1,5,0,'true','true','true','true','C5Item','none'),
(8256,'Alternative Red Coda Seed','false','seed',1,'stackable','paper','none',-1,5,0,'true','true','true','true','C5Item','none'),
(8257,'Seed: Alternative Chilly Coda','false','seed',1,'stackable','paper','none',-1,5,0,'true','true','true','true','C5Item','none'),
(8258,'Alternative Blue Coda Seed','false','seed',1,'stackable','paper','none',-1,10,0,'true','true','true','true','C5Item','none'),
(8259,'Seed: Alternative Golden Coda','false','seed',1,'stackable','paper','none',-1,20,0,'true','true','true','true','C5Item','none'),
(8260,'Alternative Lute Coda Seed','false','seed',1,'stackable','paper','none',-1,30,0,'true','true','true','true','C5Item','none'),
(8261,'Alternative Desert Coda Seed','false','seed',1,'stackable','paper','none',-1,20,0,'true','true','true','true','C5Item','none'),
(8262,'Seed: Alternative Red Cobol','false','seed',1,'stackable','paper','none',-1,20,0,'true','true','true','true','C5Item','none'),
(8263,'Seed: Alternative Chilly Cobol','false','seed',1,'stackable','paper','none',-1,25,0,'true','true','true','true','C5Item','none'),
(8264,'Seed: Alternative Blue Cobol','false','seed',1,'stackable','paper','none',-1,50,0,'true','true','true','true','C5Item','none'),
(8265,'Alternative Thorn Cobol Seed','false','seed',1,'stackable','paper','none',-1,50,0,'true','true','true','true','C5Item','none'),
(8266,'Seed: Alternative Golden Cobol','false','seed',1,'stackable','paper','none',-1,50,0,'true','true','true','true','C5Item','none'),
(8267,'Seed: Alternative Great Cobol','false','seed',1,'stackable','paper','none',-1,40,0,'true','true','true','true','C5Item','none'),
(8268,'Seed: Alternative Red Codran','false','seed',1,'stackable','paper','none',-1,40,0,'true','true','true','true','C5Item','none'),
(8269,'Seed: Alternative Sea Codran','false','seed',1,'stackable','paper','none',-1,50,0,'true','true','true','true','C5Item','none'),
(8270,'Seed: Alternative Chilly Codran','false','seed',1,'stackable','paper','none',-1,40,0,'true','true','true','true','C5Item','none'),
(8271,'Seed: Alternative Blue Codran','false','seed',1,'stackable','paper','none',-1,50,0,'true','true','true','true','C5Item','none'),
(8272,'Seed: Alternative Twin Codran','false','seed',1,'stackable','paper','none',-1,50,0,'true','true','true','true','C5Item','none'),
(8521,'Seed: Sea Coba','false','seed',1,'stackable','paper','none',-1,900,0,'true','true','true','true','C5Item','none'),
(8522,'Seed: Alternative Sea Coba','false','seed',1,'stackable','paper','none',-1,900,0,'true','true','true','true','C5Item','none'),
(8523,'Seed: Twin Coba','false','seed',1,'stackable','paper','none',-1,1000,0,'true','true','true','true','C5Item','none'),
(8524,'Seed: Alternative Twin Coba','false','seed',1,'stackable','paper','none',-1,1000,0,'true','true','true','true','C5Item','none'),
(8525,'Seed: Great Coba','false','seed',1,'stackable','paper','none',-1,1200,0,'true','true','true','true','C5Item','none'),
(8526,'Seed: Alternative Great Coba','false','seed',1,'stackable','paper','none',-1,1200,0,'true','true','true','true','C5Item','none')
;
INSERT INTO etcitem(item_id,name,crystallizable,item_type,weight,consume_type,material,crystal_type,duration,price,crystal_count,sellable,dropable,destroyable,tradeable,oldname,oldtype) VALUES
(5065,'Chilly Coda','false','none',2,'stackable','paper','none',-1,50,0,'true','true','true','true','C5Item','none'),
(5067,'Blue Coda','false','none',2,'stackable','paper','none',-1,100,0,'true','true','true','true','C5Item','none'),
(5068,'Red Coda','false','none',2,'stackable','paper','none',-1,50,0,'true','true','true','true','C5Item','none'),
(5069,'Golden Coda','false','none',2,'stackable','paper','none',-1,200,0,'true','true','true','true','C5Item','none'),
(5070,'Desert Coda','false','none',2,'stackable','paper','none',-1,200,0,'true','true','true','true','C5Item','none'),
(5071,'Lute Coda','false','none',2,'stackable','paper','none',-1,300,0,'true','true','true','true','C5Item','none'),
(5073,'Dark Coda','false','none',2,'stackable','paper','none',-1,50,0,'true','true','true','true','C5Item','none'),
(5075,'Chilly Cobol','false','none',2,'stackable','paper','none',-1,250,0,'true','true','true','true','C5Item','none'),
(5077,'Blue Cobol','false','none',2,'stackable','paper','none',-1,500,0,'true','true','true','true','C5Item','none'),
(5078,'Red Cobol','false','none',2,'stackable','paper','none',-1,200,0,'true','true','true','true','C5Item','none'),
(5079,'Golden Cobol','false','none',2,'stackable','paper','none',-1,500,0,'true','true','true','true','C5Item','none'),
(5082,'Thorn Cobol','false','none',2,'stackable','paper','none',-1,500,0,'true','true','true','true','C5Item','none'),
(5084,'Great Cobol','false','none',2,'stackable','paper','none',-1,500,0,'true','true','true','true','C5Item','none'),
(5085,'Chilly Codran','false','none',2,'stackable','paper','none',-1,400,0,'true','true','true','true','C5Item','none'),
(5087,'Blue Codran','false','none',2,'stackable','paper','none',-1,500,0,'true','true','true','true','C5Item','none'),
(5088,'Red Codran','false','none',2,'stackable','paper','none',-1,400,0,'true','true','true','true','C5Item','none'),
(5090,'Desert Codran','false','none',2,'stackable','paper','none',-1,1000,0,'true','true','true','true','C5Item','none'),
(5091,'Sea Codran','false','none',2,'stackable','paper','none',-1,500,0,'true','true','true','true','C5Item','none'),
(5092,'Twin Codran','false','none',2,'stackable','paper','none',-1,500,0,'true','true','true','true','C5Item','none'),
(5094,'Great Codran','false','none',2,'stackable','paper','none',-1,750,0,'true','true','true','true','C5Item','none'),
(5818,'Alternative Dark Coda','false','none',2,'stackable','paper','none',-1,50,0,'true','true','true','true','C5Item','none'),
(5819,'Alternative Red Coda','false','none',2,'stackable','paper','none',-1,50,0,'true','true','true','true','C5Item','none'),
(5820,'Alternative Chilly Coda','false','none',2,'stackable','paper','none',-1,50,0,'true','true','true','true','C5Item','none'),
(5821,'Alternative Blue Coda','false','none',2,'stackable','paper','none',-1,100,0,'true','true','true','true','C5Item','none'),
(5822,'Alternative Golden Coda','false','none',2,'stackable','paper','none',-1,200,0,'true','true','true','true','C5Item','none'),
(5823,'Alternative Lute Coda','false','none',2,'stackable','paper','none',-1,300,0,'true','true','true','true','C5Item','none'),
(5824,'Alternative Desert Coda','false','none',2,'stackable','paper','none',-1,200,0,'true','true','true','true','C5Item','none'),
(5825,'Alternative Red Cobol','false','none',2,'stackable','paper','none',-1,200,0,'true','true','true','true','C5Item','none'),
(5826,'Alternative Chilly Cobol','false','none',2,'stackable','paper','none',-1,250,0,'true','true','true','true','C5Item','none'),
(5827,'Alternative Blue Cobol','false','none',2,'stackable','paper','none',-1,500,0,'true','true','true','true','C5Item','none'),
(5828,'Alternative Thorn Cobol','false','none',2,'stackable','paper','none',-1,500,0,'true','true','true','true','C5Item','none'),
(5829,'Alternative Golden Cobol','false','none',2,'stackable','paper','none',-1,500,0,'true','true','true','true','C5Item','none'),
(5830,'Alternative Great Cobol','false','none',2,'stackable','paper','none',-1,400,0,'true','true','true','true','C5Item','none'),
(5831,'Alternative Red Codran','false','none',2,'stackable','paper','none',-1,400,0,'true','true','true','true','C5Item','none'),
(5832,'Alternative Sea Codran','false','none',2,'stackable','paper','none',-1,500,0,'true','true','true','true','C5Item','none'),
(5833,'Alternative Chilly Codran','false','none',2,'stackable','paper','none',-1,400,0,'true','true','true','true','C5Item','none'),
(5834,'Alternative Blue Codran','false','none',2,'stackable','paper','none',-1,500,0,'true','true','true','true','C5Item','none'),
(5835,'Alternative Twin Codran','false','none',2,'stackable','paper','none',-1,500,0,'true','true','true','true','C5Item','none'),
(5836,'Alternative Great Codran','false','none',2,'stackable','paper','none',-1,750,0,'true','true','true','true','C5Item','none'),
(5837,'Alternative Desert Codran','false','none',2,'stackable','paper','none',-1,1000,0,'true','true','true','true','C5Item','none'),
(6541,'Blue Coba','false','none',2,'stackable','paper','none',-1,1250,0,'true','true','true','true','C5Item','none'),
(6542,'Red Coba','false','none',2,'stackable','paper','none',-1,1500,0,'true','true','true','true','C5Item','none'),
(6543,'Gold Coba','false','none',2,'stackable','paper','none',-1,1750,0,'true','true','true','true','C5Item','none'),
(6544,'Desert Coba','false','none',2,'stackable','paper','none',-1,2000,0,'true','true','true','true','C5Item','none'),
(6545,'Sea Coba','false','none',2,'stackable','paper','none',-1,2250,0,'true','true','true','true','C5Item','none'),
(6546,'Twin Coba','false','none',2,'stackable','paper','none',-1,2500,0,'true','true','true','true','C5Item','none'),
(6547,'King Coba','false','none',2,'stackable','paper','none',-1,2750,0,'true','true','true','true','C5Item','none'),
(6548,'Alternative Blue Coba','false','none',2,'stackable','paper','none',-1,1250,0,'true','true','true','true','C5Item','none'),
(6549,'Alternative Red Coba','false','none',2,'stackable','paper','none',-1,1500,0,'true','true','true','true','C5Item','none'),
(6550,'Alternative Gold Coba','false','none',2,'stackable','paper','none',-1,1750,0,'true','true','true','true','C5Item','none'),
(6551,'Alternative Desert Coba','false','none',2,'stackable','paper','none',-1,2000,0,'true','true','true','true','C5Item','none'),
(6552,'Alternative Sea Coba','false','none',2,'stackable','paper','none',-1,2250,0,'true','true','true','true','C5Item','none'),
(6553,'Alternative Twin Coba','false','none',2,'stackable','paper','none',-1,2500,0,'true','true','true','true','C5Item','none'),
(6554,'Alternative King Coba','false','none',2,'stackable','paper','none',-1,2750,0,'true','true','true','true','C5Item','none')
;
INSERT INTO etcitem(item_id,name,crystallizable,item_type,weight,consume_type,material,crystal_type,duration,price,crystal_count,sellable,dropable,destroyable,tradeable,oldname,oldtype) VALUES
(5095,'Mature Chilly Coda','false','none',1,'stackable','paper','none',-1,0,0,'true','true','true','true','C5Item','none'),
(5097,'Mature Blue Coda','false','none',1,'stackable','paper','none',-1,0,0,'true','true','true','true','C5Item','none'),
(5098,'Mature Red Coda','false','none',1,'stackable','paper','none',-1,0,0,'true','true','true','true','C5Item','none'),
(5099,'Mature Golden Coda','false','none',1,'stackable','paper','none',-1,0,0,'true','true','true','true','C5Item','none'),
(5100,'Mature Desert Coda','false','none',1,'stackable','paper','none',-1,0,0,'true','true','true','true','C5Item','none'),
(5101,'Mature Lute Coda','false','none',1,'stackable','paper','none',-1,0,0,'true','true','true','true','C5Item','none'),
(5103,'Mature Dark Coda','false','none',1,'stackable','paper','none',-1,0,0,'true','true','true','true','C5Item','none'),
(5105,'Mature Chilly Cobol','false','none',1,'stackable','paper','none',-1,0,0,'true','true','true','true','C5Item','none'),
(5107,'Mature Blue Cobol','false','none',1,'stackable','paper','none',-1,0,0,'true','true','true','true','C5Item','none'),
(5108,'Mature Red Cobol','false','none',1,'stackable','paper','none',-1,0,0,'true','true','true','true','C5Item','none'),
(5109,'Mature Golden Cobol','false','none',1,'stackable','paper','none',-1,0,0,'true','true','true','true','C5Item','none'),
(5112,'Mature Thorn Cobol','false','none',1,'stackable','paper','none',-1,0,0,'true','true','true','true','C5Item','none'),
(5114,'Mature Great Cobol','false','none',1,'stackable','paper','none',-1,0,0,'true','true','true','true','C5Item','none'),
(5115,'Mature Chilly Codran','false','none',1,'stackable','paper','none',-1,0,0,'true','true','true','true','C5Item','none'),
(5117,'Mature Blue Codran','false','none',1,'stackable','paper','none',-1,0,0,'true','true','true','true','C5Item','none'),
(5118,'Mature Red Codran','false','none',1,'stackable','paper','none',-1,0,0,'true','true','true','true','C5Item','none'),
(5120,'Mature Desert Codran','false','none',1,'stackable','paper','none',-1,0,0,'true','true','true','true','C5Item','none'),
(5121,'Mature Sea Codran','false','none',1,'stackable','paper','none',-1,0,0,'true','true','true','true','C5Item','none'),
(5122,'Mature Twin Codran','false','none',1,'stackable','paper','none',-1,0,0,'true','true','true','true','C5Item','none'),
(5124,'Mature Great Codran','false','none',1,'stackable','paper','none',-1,0,0,'true','true','true','true','C5Item','none'),
(5838,'Mature Alternative Dark Coda','false','none',1,'stackable','paper','none',-1,0,0,'true','true','true','true','C5Item','none'),
(5839,'Mature Alternative Red Coda','false','none',1,'stackable','paper','none',-1,0,0,'true','true','true','true','C5Item','none'),
(5840,'Mature Alternative Chilly Coda','false','none',1,'stackable','paper','none',-1,0,0,'true','true','true','true','C5Item','none'),
(5841,'Mature Alternative Blue Coda','false','none',1,'stackable','paper','none',-1,0,0,'true','true','true','true','C5Item','none'),
(5842,'Mature Alternative Golden Coda','false','none',1,'stackable','paper','none',-1,0,0,'true','true','true','true','C5Item','none'),
(5843,'Mature Alternative Lute Coda','false','none',1,'stackable','paper','none',-1,0,0,'true','true','true','true','C5Item','none'),
(5844,'Mature Alternative Desert Coda','false','none',1,'stackable','paper','none',-1,0,0,'true','true','true','true','C5Item','none'),
(5845,'Mature Alternative Red Cobol','false','none',1,'stackable','paper','none',-1,0,0,'true','true','true','true','C5Item','none'),
(5846,'Mature Alternative Chilly Cobol','false','none',1,'stackable','paper','none',-1,0,0,'true','true','true','true','C5Item','none'),
(5847,'Mature Alternative Blue Cobol','false','none',1,'stackable','paper','none',-1,0,0,'true','true','true','true','C5Item','none'),
(5848,'Mature Alternative Thorn Cobol','false','none',1,'stackable','paper','none',-1,0,0,'true','true','true','true','C5Item','none'),
(5849,'Mature Alternative Golden Cobol','false','none',1,'stackable','paper','none',-1,0,0,'true','true','true','true','C5Item','none'),
(5850,'Mature Alternative Great Cobol','false','none',1,'stackable','paper','none',-1,0,0,'true','true','true','true','C5Item','none'),
(5851,'Mature Alternative Red Codran','false','none',1,'stackable','paper','none',-1,0,0,'true','true','true','true','C5Item','none'),
(5852,'Mature Alternative Sea Codran','false','none',1,'stackable','paper','none',-1,0,0,'true','true','true','true','C5Item','none'),
(5853,'Mature Alternative Chilly Codran','false','none',1,'stackable','paper','none',-1,0,0,'true','true','true','true','C5Item','none'),
(5854,'Mature Alternative Blue Codran','false','none',1,'stackable','paper','none',-1,0,0,'true','true','true','true','C5Item','none'),
(5855,'Mature Alternative Twin Codran','false','none',1,'stackable','paper','none',-1,0,0,'true','true','true','true','C5Item','none'),
(5856,'Mature Alternative Great Codran','false','none',1,'stackable','paper','none',-1,0,0,'true','true','true','true','C5Item','none'),
(5857,'Mature Alternative Desert Codran','false','none',1,'stackable','paper','none',-1,0,0,'true','true','true','true','C5Item','none'),
(6555,'Ripe Blue Coba','false','none',1,'stackable','paper','none',-1,0,0,'true','true','true','true','C5Item','none'),
(6556,'Ripe Red Coba','false','none',1,'stackable','paper','none',-1,0,0,'true','true','true','true','C5Item','none'),
(6557,'Ripe Gold Coba','false','none',1,'stackable','paper','none',-1,0,0,'true','true','true','true','C5Item','none'),
(6558,'Ripe Desert Coba','false','none',1,'stackable','paper','none',-1,0,0,'true','true','true','true','C5Item','none'),
(6559,'Ripe Sea Coba','false','none',1,'stackable','paper','none',-1,0,0,'true','true','true','true','C5Item','none'),
(6560,'Ripe Twin Coba','false','none',1,'stackable','paper','none',-1,0,0,'true','true','true','true','C5Item','none'),
(6561,'Ripe King Coba','false','none',1,'stackable','paper','none',-1,0,0,'true','true','true','true','C5Item','none'),
(6562,'Ripe Alternative Blue Coba','false','none',1,'stackable','paper','none',-1,0,0,'true','true','true','true','C5Item','none'),
(6563,'Ripe Alternative Red Coba','false','none',1,'stackable','paper','none',-1,0,0,'true','true','true','true','C5Item','none'),
(6564,'Ripe Alternative Gold Coba','false','none',1,'stackable','paper','none',-1,0,0,'true','true','true','true','C5Item','none'),
(6565,'Ripe Alternative Desert Coba','false','none',1,'stackable','paper','none',-1,0,0,'true','true','true','true','C5Item','none'),
(6566,'Ripe Alternative Sea Coba','false','none',1,'stackable','paper','none',-1,0,0,'true','true','true','true','C5Item','none'),
(6567,'Ripe Alternative Twin Coba','false','none',1,'stackable','paper','none',-1,0,0,'true','true','true','true','C5Item','none'),
(6568,'Ripe Alternative King Coba','false','none',1,'stackable','paper','none',-1,0,0,'true','true','true','true','C5Item','none')
;

UPDATE npc SET `type` = 'L2ManorManager' WHERE `id` IN (35103,35145,35187,35229,35230,35231,35277,35319,35366,35512,35558,35644,35645);

UPDATE npc SET 
    `collision_radius` = '8.00',
	`collision_height` = '17.00',
	`level` = '70',
	`type`='L2CastleBlacksmith',
	`attackrange` = '40',
	`hp` = '3862',
	`mp` = '1493',
	`hpreg` = '11.85',
	`mpreg` = '2.78',
	`exp` = '0',
    `sp` = '0',
	`patk` = '1314',
	`pdef` = '470',
	`matk` = '780',
	`mdef` = '382',
	`atkspd` = '278',
	`rhand` = '0',
	`lhand` = '0',
	`walkspd` = '55',
	`runspd` = '132',
	`faction_id` = NULL,
	`faction_range` = '0',
	`isUndead` = '0'
  WHERE id IN (35098,35140,35182,35224,35272,35314,35361,35507,35553); 
  
  UPDATE npc SET 
    `collision_radius` = '8.00',
	`collision_height` = '17.00',
	`level` = '70',
	`type`='L2CastleWarehouse',
	`attackrange` = '40',
	`hp` = '3862',
	`mp` = '1493',
	`hpreg` = '11.85',
	`mpreg` = '2.78',
	`exp` = '0',
    `sp` = '0',
	`patk` = '1314',
	`pdef` = '470',
	`matk` = '780',
	`mdef` = '382',
	`atkspd` = '278',
	`rhand` = '0',
	`lhand` = '0',
	`walkspd` = '55',
	`runspd` = '132',
	`faction_id` = NULL,
	`faction_range` = '0',
	`isUndead` = '0'
  WHERE id IN (35099,35141,35183,35225,35273,35315,35362,35508,35554);

REPLACE INTO `merchant_shopids` VALUES ('335103','35103');
REPLACE INTO `merchant_shopids` VALUES ('335145','35145');
REPLACE INTO `merchant_shopids` VALUES ('335187','35187');
REPLACE INTO `merchant_shopids` VALUES ('335229','35229');
REPLACE INTO `merchant_shopids` VALUES ('335230','35230');
REPLACE INTO `merchant_shopids` VALUES ('335231','35231');
REPLACE INTO `merchant_shopids` VALUES ('335277','35277');
REPLACE INTO `merchant_shopids` VALUES ('335319','35319');
REPLACE INTO `merchant_shopids` VALUES ('335366','35366');
REPLACE INTO `merchant_shopids` VALUES ('335512','35512');
REPLACE INTO `merchant_shopids` VALUES ('335558','35558');
REPLACE INTO `merchant_shopids` VALUES ('335644','35644');
REPLACE INTO `merchant_shopids` VALUES ('335645','35645');

REPLACE INTO `merchant_buylists` VALUES ('5125', '575', '335103', '1', -1, -1, 0, '0');
REPLACE INTO `merchant_buylists` VALUES ('5125', '575', '335145', '1', -1, -1, 0, '0');
REPLACE INTO `merchant_buylists` VALUES ('5125', '575', '335187', '1', -1, -1, 0, '0');
REPLACE INTO `merchant_buylists` VALUES ('5125', '575', '335229', '1', -1, -1, 0, '0');
REPLACE INTO `merchant_buylists` VALUES ('5125', '575', '335230', '1', -1, -1, 0, '0');
REPLACE INTO `merchant_buylists` VALUES ('5125', '575', '335231', '1', -1, -1, 0, '0');
REPLACE INTO `merchant_buylists` VALUES ('5125', '575', '335277', '1', -1, -1, 0, '0');
REPLACE INTO `merchant_buylists` VALUES ('5125', '575', '335319', '1', -1, -1, 0, '0');
REPLACE INTO `merchant_buylists` VALUES ('5125', '575', '335366', '1', -1, -1, 0, '0');
REPLACE INTO `merchant_buylists` VALUES ('5125', '575', '335512', '1', -1, -1, 0, '0');
REPLACE INTO `merchant_buylists` VALUES ('5125', '575', '335558', '1', -1, -1, 0, '0');
REPLACE INTO `merchant_buylists` VALUES ('5125', '575', '335644', '1', -1, -1, 0, '0');
REPLACE INTO `merchant_buylists` VALUES ('5125', '575', '335645', '1', -1, -1, 0, '0');

-- ---------------------------
-- Table structure for `castle_manor_procure`
-- ---------------------------
DROP TABLE IF EXISTS `castle_manor_procure`;
CREATE TABLE `castle_manor_procure` (
  `castle_id` INT NOT NULL DEFAULT '0',
  `crop_id` int(11) NOT NULL DEFAULT '0',
  `can_buy` int(11) NOT NULL DEFAULT '0',
  `start_buy` int(11) NOT NULL DEFAULT '0',
  `price` int(11) NOT NULL DEFAULT '0',
  `reward_type` int(11) NOT NULL DEFAULT '0',
  `period` INT NOT NULL DEFAULT '1',
  PRIMARY KEY  (`castle_id`,`crop_id`,`period`)
) DEFAULT CHARSET=utf8;

-- ---------------------------
-- Table structure for `castle_manor_production`
-- ---------------------------
DROP TABLE IF EXISTS `castle_manor_production`;
CREATE TABLE `castle_manor_production` (
  `castle_id` INT NOT NULL DEFAULT '0',
  `seed_id` int(11) NOT NULL DEFAULT '0',
  `can_produce` int(11) NOT NULL DEFAULT '0',
  `start_produce` int(11) NOT NULL DEFAULT '0',
  `seed_price` int(11) NOT NULL DEFAULT '0',
  `period` INT NOT NULL DEFAULT '1',
  PRIMARY KEY  (`castle_id`,`seed_id`,`period`)
) DEFAULT CHARSET=utf8;

