<Event ID="Medals Event" Active="24 Dec 2006-26 Dec 2014"> 
   <Droplist> 
      <AllDrop Items="6392" Count="1,4" Chance="40%" />
   </Droplist> 
   <Droplist> 
      <AllDrop Items="6393" Count="1,2" Chance="2%" />
   </Droplist> 
   <Message Type="OnJoin" Msg="Medals Event: You can collect medals from all mobs and trade them for event rewards!" /> 
   <EventEnd> 
      <Take From="AllPlayers"> 
           <Item ItemID="6392-6393"></Item>
        </Take> 
     </EventEnd> 
</Event>
